personId,firstname,lastname,siret,city,salary,externalCategory,homeRent
46,Thomas,Girard,74030131845705,Paris,53953.18,DIRECTOR,16185.954
49,Nicolas,Moreau,72547408990029,Lille,28870.35,LEAD,8661.105
62,Nicolas,Dupont,75729572973314,Bordeaux,75407.56,EXECUTOR,22622.268
69,Chloé,Moreau,75212818696659,Marseille,19532.57,EMPLOYEE,5859.771
74,Chloé,Moreau,70618936688134,Paris,77812.89,EXECUTOR,23343.867
84,Jean,Lefebvre,72033897739100,Lille,68674.81,DIRECTOR,20602.443
129,Thomas,Laurent,76336819869760,Lille,58182.29,DIRECTOR,17454.686999999998
142,Thomas,Dupont,71031594390299,Nantes,50517.34,DIRECTOR,15155.201999999997
143,Jean,Martin,77690841153686,Lille,58096.77,DIRECTOR,17429.031
153,Camille,Martin,71800666951539,Paris,35791.48,LEAD,10737.444000000001
170,Nicolas,Laurent,73942506369716,Marseille,76006.84,EXECUTOR,22802.052
176,Thomas,Girard,72521572296816,Paris,17872.8,EMPLOYEE,5361.839999999999
185,Camille,Moreau,78888981435875,Paris,76698.11,EXECUTOR,23009.433
193,Jean,Girard,71080422599890,Bordeaux,51478.36,DIRECTOR,15443.508
206,Camille,Girard,72519039999649,Lille,18845.94,EMPLOYEE,5653.781999999999
212,Jean,Moreau,76077492604035,Lyon,63365.62,DIRECTOR,19009.686
244,Nicolas,Girard,75224320997630,Lyon,59028.78,DIRECTOR,17708.634
248,Thomas,Girard,70242645701141,Bordeaux,56610.34,DIRECTOR,16983.102
251,Marie,Laurent,75288592151312,Paris,88160.57,EXECUTOR,26448.171000000002
263,Camille,Laurent,72733606356936,Lyon,39812.83,LEAD,11943.849
276,Camille,Girard,73236316667385,Bordeaux,87440.02,EXECUTOR,26232.006
279,Marie,Laurent,73862252788281,Bordeaux,80426.8,EXECUTOR,24128.04
280,Marie,Girard,70225284130736,Nantes,15134.49,EMPLOYEE,4540.347
285,Lucas,Moreau,77947702908824,Paris,46216.24,DIRECTOR,13864.872
296,Jean,Lefebvre,79949551944700,Bordeaux,34609.08,LEAD,10382.724
319,Chloé,Lefebvre,71530819670650,Nantes,54327.19,DIRECTOR,16298.157
320,Jean,Laurent,76921101675066,Lille,64947.31,DIRECTOR,19484.193
322,Nicolas,Girard,72010455527905,Lyon,46607.19,DIRECTOR,13982.157000000001
326,Camille,Moreau,73934783461517,Lille,24016.24,LEAD,7204.872
342,Nicolas,Martin,78264102252102,Lille,88397.2,EXECUTOR,26519.16
343,Nicolas,Martin,77200257414847,Lille,56678.52,DIRECTOR,17003.555999999997
348,Thomas,Moreau,74205792456962,Paris,80485.43,EXECUTOR,24145.628999999997
349,Lucas,Moreau,79186669608664,Nantes,87316.22,EXECUTOR,26194.865999999998
353,Marie,Dupont,71946525980799,Nantes,29443.53,LEAD,8833.059
386,Marie,Dupont,75876716545827,Lyon,37681.55,LEAD,11304.465
396,Lucas,Lefebvre,75416579810613,Lyon,85607.21,EXECUTOR,25682.163
400,Camille,Moreau,70489570614739,Marseille,24081.3,LEAD,7224.389999999999
402,Nicolas,Moreau,76898984716651,Paris,25479.95,LEAD,7643.985
410,Lucas,Laurent,79288751291796,Lille,44422.18,LEAD,13326.654
436,Thomas,Dupont,78507994462586,Lyon,80033.2,EXECUTOR,24009.96
438,Camille,Girard,72705533370457,Marseille,42003.03,LEAD,12600.909
445,Nicolas,Girard,71660867831301,Paris,28817.3,LEAD,8645.189999999999
460,Jean,Dupont,74647031647835,Marseille,53397.23,DIRECTOR,16019.169
471,Chloé,Laurent,73465644323720,Nantes,73268.03,DIRECTOR,21980.409
474,Chloé,Lefebvre,75924964496174,Nantes,34685.99,LEAD,10405.796999999999
503,Nicolas,Laurent,73972574539148,Bordeaux,56948.59,DIRECTOR,17084.576999999997
508,Camille,Lefebvre,73320058240110,Bordeaux,42047.15,LEAD,12614.145
509,Thomas,Martin,74118511377890,Bordeaux,82052.92,EXECUTOR,24615.876
511,Jean,Moreau,70672669688728,Bordeaux,62791.62,DIRECTOR,18837.486
512,Nicolas,Martin,77601143934783,Bordeaux,19028.58,EMPLOYEE,5708.5740000000005
519,Lucas,Dupont,73351809486481,Nantes,45045.14,DIRECTOR,13513.542
524,Nicolas,Girard,79677356878307,Bordeaux,58956.62,DIRECTOR,17686.986
526,Thomas,Moreau,72415182757735,Nantes,72430.69,DIRECTOR,21729.207
551,Lucas,Lefebvre,75905256653251,Bordeaux,62276.19,DIRECTOR,18682.857
557,Jean,Martin,78523630159304,Paris,69020.1,DIRECTOR,20706.030000000002
563,Chloé,Lefebvre,71984990894823,Lyon,40442.95,LEAD,12132.884999999998
564,Camille,Dupont,77952268986582,Nantes,24438.97,LEAD,7331.691
573,Camille,Moreau,77578536387921,Lyon,19241.54,EMPLOYEE,5772.462
579,Nicolas,Martin,75607895869519,Lille,22029.51,LEAD,6608.852999999999
582,Marie,Dupont,70641135465475,Lyon,72691.71,DIRECTOR,21807.513000000003
585,Camille,Laurent,74437890773289,Marseille,64391.89,DIRECTOR,19317.567
606,Camille,Girard,76031805014898,Paris,23779.19,LEAD,7133.757
613,Nicolas,Lefebvre,71889303028409,Bordeaux,58495.74,DIRECTOR,17548.721999999998
614,Lucas,Lefebvre,75977607113103,Nantes,72922.48,DIRECTOR,21876.744
616,Lucas,Girard,74035302972083,Nantes,82220.38,EXECUTOR,24666.114
640,Nicolas,Girard,78770415884048,Lille,39715.06,LEAD,11914.517999999998
641,Chloé,Martin,75813329392006,Bordeaux,44320.6,LEAD,13296.179999999998
650,Jean,Moreau,77067931036539,Bordeaux,85808.68,EXECUTOR,25742.603999999996
654,Chloé,Girard,79299747232101,Lille,80450.03,EXECUTOR,24135.009
658,Jean,Dupont,70290603423239,Paris,19555.78,EMPLOYEE,5866.7339999999995
662,Jean,Lefebvre,76306678577576,Lyon,16108.24,EMPLOYEE,4832.472
673,Jean,Girard,70252206501100,Nantes,49793.75,DIRECTOR,14938.125
676,Thomas,Moreau,76388556196528,Paris,65046.53,DIRECTOR,19513.959
688,Nicolas,Martin,73797930764761,Bordeaux,56098.0,DIRECTOR,16829.399999999998
691,Camille,Laurent,71069723841506,Lyon,23459.93,LEAD,7037.979
697,Lucas,Lefebvre,79161274098944,Lille,38715.9,LEAD,11614.77
711,Chloé,Girard,78149581729244,Marseille,25314.09,LEAD,7594.227
721,Marie,Laurent,78043899016618,Lyon,70235.68,DIRECTOR,21070.703999999998
726,Marie,Dupont,70488393464010,Paris,59224.35,DIRECTOR,17767.305
735,Jean,Laurent,73001763572068,Nantes,22238.05,LEAD,6671.415
740,Jean,Dupont,75792622051514,Nantes,73585.13,DIRECTOR,22075.539
745,Marie,Girard,70457703162574,Paris,30019.43,LEAD,9005.829
752,Chloé,Girard,77644155947740,Lille,74024.22,DIRECTOR,22207.266
783,Nicolas,Martin,76172766325092,Lille,80334.17,EXECUTOR,24100.251
787,Jean,Moreau,79947392348090,Lille,51716.07,DIRECTOR,15514.821
803,Marie,Moreau,75895660406645,Marseille,89504.15,EXECUTOR,26851.245
808,Thomas,Martin,73152663614910,Lyon,27182.85,LEAD,8154.855
815,Nicolas,Girard,76045721867395,Lyon,41777.67,LEAD,12533.301
835,Lucas,Moreau,78210116391241,Marseille,17425.31,EMPLOYEE,5227.593
854,Nicolas,Moreau,70885514009535,Bordeaux,31345.03,LEAD,9403.509
855,Chloé,Lefebvre,75710025323659,Lille,86701.48,EXECUTOR,26010.444
903,Camille,Girard,74752961330503,Lyon,54894.15,DIRECTOR,16468.245
910,Camille,Lefebvre,77917199858922,Lille,15379.19,EMPLOYEE,4613.757
911,Chloé,Dupont,72489479807574,Lyon,30700.69,LEAD,9210.206999999999
915,Thomas,Girard,75089698397361,Paris,30022.23,LEAD,9006.669
916,Camille,Dupont,71840154577406,Lyon,72423.2,DIRECTOR,21726.96
919,Lucas,Martin,75386440092716,Bordeaux,49650.41,DIRECTOR,14895.123
923,Marie,Laurent,76285445672914,Paris,82549.72,EXECUTOR,24764.916
924,Chloé,Moreau,79793637206515,Paris,49074.54,DIRECTOR,14722.362
935,Nicolas,Girard,73945891473875,Nantes,25298.52,LEAD,7589.556
946,Nicolas,Dupont,78072396949394,Nantes,53114.74,DIRECTOR,15934.421999999999
958,Lucas,Dupont,70198332885120,Bordeaux,59943.66,DIRECTOR,17983.098
963,Jean,Girard,71835540862692,Nantes,89105.81,EXECUTOR,26731.743
976,Chloé,Dupont,77724886567408,Marseille,62080.9,DIRECTOR,18624.27
1011,Jean,Martin,74544340968182,Bordeaux,58587.75,DIRECTOR,17576.325
1015,Thomas,Girard,79507996341365,Lille,68749.3,DIRECTOR,20624.79
1022,Jean,Lefebvre,71614599366929,Nantes,51418.47,DIRECTOR,15425.541
1035,Chloé,Martin,79927576317725,Lille,83735.98,EXECUTOR,25120.793999999998
1041,Nicolas,Laurent,73275396018120,Marseille,31506.04,LEAD,9451.812
1043,Lucas,Martin,73518293134588,Lille,28995.93,LEAD,8698.779
1048,Marie,Dupont,71061221538002,Paris,24585.26,LEAD,7375.5779999999995
1065,Nicolas,Moreau,75547904744418,Nantes,34086.76,LEAD,10226.028
1066,Marie,Laurent,71465056442893,Lyon,70961.36,DIRECTOR,21288.408
1097,Nicolas,Martin,71191424724992,Bordeaux,52522.83,DIRECTOR,15756.849
1105,Nicolas,Laurent,76508194065691,Nantes,15652.1,EMPLOYEE,4695.63
1106,Jean,Lefebvre,76363690602608,Marseille,48276.49,DIRECTOR,14482.946999999998
1109,Chloé,Girard,72279732714504,Bordeaux,25883.29,LEAD,7764.987
1115,Nicolas,Martin,78444394891281,Lille,81879.13,EXECUTOR,24563.739
1128,Marie,Lefebvre,74810638570693,Lyon,16751.6,EMPLOYEE,5025.48
1131,Camille,Dupont,70369356017586,Bordeaux,73615.54,DIRECTOR,22084.661999999997
1132,Camille,Girard,73052049750319,Lille,83552.57,EXECUTOR,25065.771
1137,Marie,Dupont,76419307140759,Lille,81753.69,EXECUTOR,24526.107
1140,Jean,Martin,75209937788535,Marseille,62190.07,DIRECTOR,18657.021
1156,Marie,Lefebvre,72442655526593,Lyon,61703.56,DIRECTOR,18511.068
1160,Marie,Laurent,70612258868909,Paris,48023.93,DIRECTOR,14407.179
1197,Marie,Dupont,77054474754557,Paris,78505.62,EXECUTOR,23551.685999999998
1212,Chloé,Laurent,78900903664272,Nantes,72974.81,DIRECTOR,21892.443
1222,Thomas,Laurent,75635888761056,Lyon,63348.1,DIRECTOR,19004.43
1223,Chloé,Dupont,70992465270374,Paris,82176.95,EXECUTOR,24653.085
1231,Thomas,Moreau,71445474518226,Lyon,25091.29,LEAD,7527.387
1232,Marie,Martin,78903673100543,Paris,64558.63,DIRECTOR,19367.589
1252,Thomas,Dupont,76224964530578,Paris,75449.47,EXECUTOR,22634.841
1258,Marie,Lefebvre,79144388323026,Lille,76946.09,EXECUTOR,23083.826999999997
1273,Marie,Dupont,74895997224112,Lille,48399.59,DIRECTOR,14519.876999999999
1275,Nicolas,Dupont,74658498098958,Marseille,84936.24,EXECUTOR,25480.872
1280,Jean,Girard,72097714819742,Lyon,61562.22,DIRECTOR,18468.666
1296,Nicolas,Laurent,74684234427260,Lyon,70996.91,DIRECTOR,21299.073
1306,Nicolas,Girard,75509809934591,Lyon,51411.53,DIRECTOR,15423.458999999999
1313,Camille,Laurent,77925901170707,Nantes,26534.54,LEAD,7960.362
1328,Chloé,Girard,77719801794597,Paris,30011.54,LEAD,9003.462
1332,Lucas,Martin,74351712499205,Lyon,88942.09,EXECUTOR,26682.626999999997
1351,Jean,Lefebvre,71487952151674,Marseille,36048.21,LEAD,10814.463
1355,Lucas,Martin,74328396393423,Marseille,80817.55,EXECUTOR,24245.265
1370,Marie,Laurent,79959718526489,Paris,29081.48,LEAD,8724.444
1398,Thomas,Laurent,74012601712562,Lille,89615.28,EXECUTOR,26884.584
1402,Chloé,Martin,70101090098399,Bordeaux,53220.01,DIRECTOR,15966.003
1408,Jean,Martin,71391540473361,Bordeaux,29346.73,LEAD,8804.019
1413,Lucas,Girard,73757630252548,Marseille,82889.84,EXECUTOR,24866.951999999997
1414,Lucas,Moreau,72154388622797,Bordeaux,37894.26,LEAD,11368.278
1422,Camille,Martin,78420579975167,Lille,78640.85,EXECUTOR,23592.255
1427,Nicolas,Dupont,76786029574241,Paris,71886.34,DIRECTOR,21565.902
1434,Camille,Girard,73069788662056,Nantes,36906.5,LEAD,11071.949999999999
1451,Lucas,Dupont,75180357824822,Paris,76040.18,EXECUTOR,22812.053999999996
1452,Camille,Girard,77136653118849,Lille,63491.98,DIRECTOR,19047.594
1459,Nicolas,Lefebvre,77042525388099,Lyon,81158.01,EXECUTOR,24347.403
1461,Lucas,Moreau,71285171053249,Lyon,69678.3,DIRECTOR,20903.49
1472,Jean,Dupont,79950324242407,Nantes,46339.79,DIRECTOR,13901.937
1478,Jean,Dupont,71668261043206,Paris,30839.59,LEAD,9251.877
1481,Nicolas,Lefebvre,79132630254854,Lille,45421.79,DIRECTOR,13626.537
1506,Jean,Laurent,75854795016952,Bordeaux,62897.71,DIRECTOR,18869.313
1510,Thomas,Lefebvre,77964872899858,Nantes,33587.15,LEAD,10076.145
1515,Nicolas,Girard,75576233841872,Marseille,80578.81,EXECUTOR,24173.643
1539,Jean,Martin,74370181602239,Lille,22531.22,LEAD,6759.366
1557,Lucas,Moreau,71049310918614,Marseille,58140.73,DIRECTOR,17442.219
1562,Chloé,Moreau,70383551958406,Marseille,34058.95,LEAD,10217.685
1564,Chloé,Girard,78315774193961,Paris,15998.54,EMPLOYEE,4799.562
1582,Marie,Martin,70961865818438,Lyon,47760.31,DIRECTOR,14328.092999999999
1585,Marie,Laurent,77212504006173,Paris,53392.03,DIRECTOR,16017.608999999999
1586,Chloé,Martin,75586091471964,Lille,83635.2,EXECUTOR,25090.559999999998
1598,Camille,Dupont,77226752729521,Marseille,15710.42,EMPLOYEE,4713.126
1602,Marie,Lefebvre,76989755713039,Nantes,70432.21,DIRECTOR,21129.663
1605,Camille,Dupont,71383653886989,Marseille,49287.82,DIRECTOR,14786.346
1613,Lucas,Moreau,79312651555877,Marseille,28454.74,LEAD,8536.422
1657,Thomas,Moreau,76884238208399,Nantes,30220.36,LEAD,9066.108
1682,Chloé,Moreau,79732216931504,Bordeaux,60842.42,DIRECTOR,18252.726
1687,Nicolas,Laurent,77256506997111,Lyon,40726.81,LEAD,12218.043
1696,Chloé,Lefebvre,74330108735955,Marseille,65084.52,DIRECTOR,19525.356
1708,Marie,Dupont,71383890996043,Lyon,40351.54,LEAD,12105.462
1709,Lucas,Martin,77220503917099,Bordeaux,84755.48,EXECUTOR,25426.643999999997
1720,Nicolas,Dupont,77033415906620,Marseille,49522.94,DIRECTOR,14856.882
1729,Marie,Girard,79169991496436,Paris,17035.67,EMPLOYEE,5110.700999999999
1731,Camille,Moreau,71910440126661,Marseille,61433.61,DIRECTOR,18430.083
1737,Camille,Girard,77969699866852,Nantes,26108.14,LEAD,7832.441999999999
1741,Lucas,Girard,73566388303354,Paris,53006.61,DIRECTOR,15901.983
1745,Chloé,Moreau,73714581681646,Lille,29069.63,LEAD,8720.889
1749,Lucas,Girard,72260071804567,Nantes,55784.67,DIRECTOR,16735.400999999998
1753,Marie,Moreau,72366255120932,Paris,41561.17,LEAD,12468.350999999999
1762,Nicolas,Martin,78546875707081,Marseille,19019.7,EMPLOYEE,5705.91
1786,Camille,Dupont,77664197033055,Lille,23829.24,LEAD,7148.772
1796,Lucas,Martin,71009290841133,Bordeaux,71582.31,DIRECTOR,21474.693
1800,Camille,Lefebvre,73884935500632,Nantes,81263.15,EXECUTOR,24378.944999999996
1807,Marie,Lefebvre,75505141559410,Nantes,68980.62,DIRECTOR,20694.185999999998
1826,Jean,Moreau,74957877048229,Lille,61574.92,DIRECTOR,18472.476
1836,Nicolas,Moreau,73583704799186,Paris,30582.85,LEAD,9174.855
1841,Nicolas,Girard,70152375343442,Nantes,76896.11,EXECUTOR,23068.833
1848,Camille,Lefebvre,74420032773387,Lyon,34405.75,LEAD,10321.725
1850,Thomas,Moreau,72458690905182,Paris,48734.3,DIRECTOR,14620.29
1853,Nicolas,Girard,75933804057281,Lyon,89593.68,EXECUTOR,26878.103999999996
1860,Thomas,Moreau,77438345943300,Lyon,19967.79,EMPLOYEE,5990.337
1877,Lucas,Laurent,72048384679571,Bordeaux,24222.32,LEAD,7266.696
1882,Nicolas,Lefebvre,79305171643250,Nantes,29310.08,LEAD,8793.024
1887,Camille,Moreau,75895244457079,Marseille,49311.93,DIRECTOR,14793.579
1920,Marie,Lefebvre,71526665591739,Bordeaux,36253.25,LEAD,10875.975
1940,Chloé,Laurent,72457386346057,Marseille,61880.42,DIRECTOR,18564.126
1950,Camille,Moreau,73206519968592,Lille,40745.52,LEAD,12223.655999999999
1966,Jean,Lefebvre,79198037994930,Lyon,39813.58,LEAD,11944.074
1971,Jean,Lefebvre,79079787704236,Bordeaux,16383.09,EMPLOYEE,4914.927
1989,Nicolas,Martin,75495719408291,Nantes,50832.41,DIRECTOR,15249.723
2004,Thomas,Girard,70653816717473,Lyon,88091.68,EXECUTOR,26427.503999999997
2009,Chloé,Lefebvre,78514092489187,Paris,88565.55,EXECUTOR,26569.665
2017,Lucas,Dupont,79876030752018,Bordeaux,22031.39,LEAD,6609.4169999999995
2020,Chloé,Martin,79245505978812,Nantes,75853.24,EXECUTOR,22755.972
2027,Thomas,Moreau,73526557876335,Paris,47289.12,DIRECTOR,14186.736
2039,Thomas,Lefebvre,77021223929101,Lyon,33354.43,LEAD,10006.329
2044,Camille,Girard,70671133698801,Bordeaux,60070.33,DIRECTOR,18021.099
2045,Thomas,Laurent,73044959563094,Nantes,28127.45,LEAD,8438.235
2056,Nicolas,Moreau,74662247568887,Lille,77619.82,EXECUTOR,23285.946
2064,Marie,Laurent,72896601620545,Marseille,22577.56,LEAD,6773.268
2065,Lucas,Moreau,72081649364871,Lyon,64804.17,DIRECTOR,19441.251
2072,Nicolas,Laurent,73469030884654,Marseille,29812.63,LEAD,8943.789
2074,Thomas,Lefebvre,78708107043285,Nantes,77268.89,EXECUTOR,23180.666999999998
2076,Nicolas,Dupont,71434458159491,Lille,68044.71,DIRECTOR,20413.413
2117,Lucas,Girard,79084534007908,Marseille,32464.25,LEAD,9739.275
2128,Marie,Lefebvre,74461082784730,Paris,41571.43,LEAD,12471.429
2130,Nicolas,Lefebvre,70319448243584,Bordeaux,32190.97,LEAD,9657.291
2143,Camille,Moreau,73222052642546,Lyon,61586.53,DIRECTOR,18475.959
2152,Jean,Dupont,79129085367135,Paris,44505.12,LEAD,13351.536
2164,Lucas,Lefebvre,78287458120651,Lille,70061.97,DIRECTOR,21018.591
2165,Thomas,Lefebvre,73273873976595,Nantes,88337.36,EXECUTOR,26501.208
2167,Thomas,Girard,75158194175859,Paris,15565.3,EMPLOYEE,4669.589999999999
2175,Camille,Girard,77862420848742,Paris,80002.89,EXECUTOR,24000.867
2178,Thomas,Dupont,76800273175637,Lyon,68919.19,DIRECTOR,20675.757
2181,Marie,Laurent,76642465423272,Lille,15322.73,EMPLOYEE,4596.8189999999995
2182,Jean,Laurent,78475217090796,Lille,33239.61,LEAD,9971.883
2186,Lucas,Lefebvre,75095889403201,Nantes,15623.54,EMPLOYEE,4687.062
2189,Jean,Moreau,70181681822660,Marseille,31149.18,LEAD,9344.753999999999
2200,Camille,Lefebvre,75825708287597,Nantes,33856.24,LEAD,10156.872
2204,Chloé,Laurent,72238181276002,Bordeaux,50288.78,DIRECTOR,15086.633999999998
2205,Camille,Moreau,76833718067961,Lyon,74665.32,DIRECTOR,22399.596
2252,Marie,Dupont,71990611396198,Marseille,85566.24,EXECUTOR,25669.872
2256,Jean,Dupont,76042019658439,Nantes,79017.21,EXECUTOR,23705.163
2276,Thomas,Girard,77103813561581,Nantes,89924.38,EXECUTOR,26977.314000000002
2279,Lucas,Dupont,79002354039010,Lille,16726.98,EMPLOYEE,5018.094
2282,Chloé,Dupont,71676827222477,Lyon,33645.22,LEAD,10093.566
2295,Thomas,Martin,79038372310884,Marseille,20175.65,LEAD,6052.695000000001
2310,Nicolas,Laurent,76763521565595,Nantes,25095.74,LEAD,7528.722
2352,Camille,Lefebvre,79932332261029,Lille,22753.32,LEAD,6825.996
2368,Marie,Martin,70627079343255,Paris,23080.54,LEAD,6924.162
2386,Jean,Lefebvre,73021588864305,Bordeaux,89519.56,EXECUTOR,26855.868
2398,Marie,Dupont,70546827603393,Lyon,46767.2,DIRECTOR,14030.159999999998
2411,Chloé,Martin,75975014387396,Bordeaux,23156.84,LEAD,6947.052
2416,Lucas,Laurent,78793482559569,Bordeaux,61449.89,DIRECTOR,18434.967
2434,Nicolas,Dupont,70479306162272,Paris,60483.03,DIRECTOR,18144.909
2439,Nicolas,Lefebvre,72081481570846,Bordeaux,72220.91,DIRECTOR,21666.273
2447,Nicolas,Girard,75420903509979,Lyon,88926.92,EXECUTOR,26678.075999999997
2450,Thomas,Lefebvre,78214104698025,Marseille,44552.43,LEAD,13365.729
2465,Camille,Martin,79481861137877,Bordeaux,21929.76,LEAD,6578.927999999999
2466,Jean,Dupont,73026284837269,Bordeaux,78648.51,EXECUTOR,23594.552999999996
2473,Thomas,Moreau,78273878704016,Lyon,34965.5,LEAD,10489.65
2478,Jean,Moreau,77872185374106,Lille,60204.45,DIRECTOR,18061.335
2480,Chloé,Laurent,72787084622834,Lille,55735.76,DIRECTOR,16720.728
2487,Chloé,Laurent,74797363560443,Bordeaux,57327.07,DIRECTOR,17198.121
2515,Thomas,Laurent,74416811884802,Nantes,62293.52,DIRECTOR,18688.055999999997
2524,Nicolas,Lefebvre,76159203237633,Lyon,36526.45,LEAD,10957.935
2527,Nicolas,Laurent,76643061413643,Nantes,57018.33,DIRECTOR,17105.499
2528,Jean,Dupont,70047067648214,Paris,54732.92,DIRECTOR,16419.876
2543,Marie,Laurent,73559627607982,Marseille,58713.52,DIRECTOR,17614.055999999997
2551,Thomas,Moreau,73714848964723,Lille,20003.08,LEAD,6000.924
2557,Thomas,Lefebvre,73162343783368,Nantes,73400.0,DIRECTOR,22020.0
2569,Nicolas,Girard,71160049603503,Paris,45838.21,DIRECTOR,13751.463
2571,Marie,Moreau,73110924171020,Lille,41820.5,LEAD,12546.15
2584,Marie,Dupont,71150728155901,Lyon,23242.29,LEAD,6972.687
2613,Thomas,Martin,70371764541853,Nantes,88502.92,EXECUTOR,26550.876
2616,Thomas,Lefebvre,76506388347166,Lille,75928.93,EXECUTOR,22778.678999999996
2619,Lucas,Lefebvre,75703219315442,Lille,68369.24,DIRECTOR,20510.772
2623,Marie,Martin,70806657669804,Bordeaux,63459.59,DIRECTOR,19037.876999999997
2624,Marie,Lefebvre,76377321781440,Lyon,76734.71,EXECUTOR,23020.413
2665,Nicolas,Martin,72722389525357,Bordeaux,72437.56,DIRECTOR,21731.268
2672,Lucas,Laurent,78610867982485,Bordeaux,51200.94,DIRECTOR,15360.282
2680,Chloé,Dupont,79131171629682,Bordeaux,56152.49,DIRECTOR,16845.747
2681,Nicolas,Lefebvre,70172674987241,Marseille,63411.27,DIRECTOR,19023.380999999998
2695,Marie,Girard,77093733009270,Bordeaux,32282.11,LEAD,9684.633
2697,Marie,Martin,70622108447606,Lyon,69632.74,DIRECTOR,20889.822
2710,Nicolas,Laurent,74528481713528,Lyon,58077.74,DIRECTOR,17423.322
2718,Camille,Moreau,73443256271013,Nantes,38814.08,LEAD,11644.224
2731,Jean,Girard,70112496075180,Bordeaux,42426.01,LEAD,12727.803
2755,Nicolas,Martin,71887859528359,Lyon,71672.04,DIRECTOR,21501.611999999997
2779,Chloé,Dupont,71251303791637,Bordeaux,36083.89,LEAD,10825.167
2781,Thomas,Girard,77542466400303,Nantes,85495.48,EXECUTOR,25648.643999999997
2782,Chloé,Lefebvre,79050337216452,Nantes,18537.89,EMPLOYEE,5561.366999999999
2786,Marie,Moreau,70867585506428,Bordeaux,88561.4,EXECUTOR,26568.42
2788,Chloé,Martin,71634057427750,Marseille,89924.57,EXECUTOR,26977.371000000003
2794,Camille,Dupont,79904333650068,Lille,59550.38,DIRECTOR,17865.113999999998
2795,Lucas,Martin,73378398126797,Lyon,64798.08,DIRECTOR,19439.424
2802,Lucas,Laurent,70859450686234,Bordeaux,85051.64,EXECUTOR,25515.492
2814,Thomas,Dupont,73723721347113,Marseille,79440.36,EXECUTOR,23832.108
2824,Thomas,Girard,77138062326245,Bordeaux,82909.76,EXECUTOR,24872.927999999996
2849,Camille,Martin,72789913889258,Bordeaux,38595.92,LEAD,11578.776
2856,Jean,Lefebvre,72628553638468,Paris,60019.53,DIRECTOR,18005.859
2861,Lucas,Lefebvre,73141551895564,Lyon,66323.96,DIRECTOR,19897.188000000002
2888,Thomas,Dupont,77964004124670,Nantes,53061.81,DIRECTOR,15918.542999999998
2897,Nicolas,Moreau,77614205622981,Marseille,66291.75,DIRECTOR,19887.524999999998
2900,Jean,Girard,72124247961160,Bordeaux,81413.68,EXECUTOR,24424.103999999996
2902,Nicolas,Dupont,70032793410226,Lille,69070.62,DIRECTOR,20721.185999999998
2904,Jean,Laurent,76592484545019,Lyon,42851.21,LEAD,12855.363
2907,Chloé,Dupont,77476706413104,Bordeaux,52735.27,DIRECTOR,15820.580999999998
2909,Chloé,Laurent,70174564797033,Marseille,44246.76,LEAD,13274.028
2910,Marie,Dupont,73655525506416,Marseille,75097.31,EXECUTOR,22529.193
2913,Thomas,Moreau,74209299296598,Lyon,76007.41,EXECUTOR,22802.223
2938,Camille,Laurent,72221236925381,Bordeaux,68194.33,DIRECTOR,20458.299
2939,Jean,Girard,79551822308637,Lille,30830.72,LEAD,9249.216
2962,Camille,Laurent,70446149740980,Marseille,38172.44,LEAD,11451.732
2963,Lucas,Martin,71904864356923,Lille,50449.01,DIRECTOR,15134.703
2964,Lucas,Martin,70933160578584,Marseille,65930.11,DIRECTOR,19779.033
2965,Nicolas,Moreau,76683482026657,Nantes,24251.01,LEAD,7275.302999999999
2975,Chloé,Moreau,74498974268984,Lyon,87612.12,EXECUTOR,26283.636
3004,Marie,Girard,71884472647239,Paris,30247.53,LEAD,9074.259
3006,Chloé,Dupont,75767035441553,Nantes,77595.31,EXECUTOR,23278.592999999997
3047,Nicolas,Moreau,73930535420418,Nantes,76587.43,EXECUTOR,22976.228999999996
3052,Camille,Martin,73488751148723,Marseille,65909.39,DIRECTOR,19772.817
3058,Lucas,Dupont,76441515180706,Marseille,20423.91,LEAD,6127.173
3062,Chloé,Laurent,76135013737847,Bordeaux,18548.46,EMPLOYEE,5564.538
3063,Marie,Dupont,72528283546764,Bordeaux,67049.19,DIRECTOR,20114.757
3072,Nicolas,Girard,73194562524855,Bordeaux,81192.35,EXECUTOR,24357.705
3074,Chloé,Lefebvre,71825627619297,Paris,82349.56,EXECUTOR,24704.868
3084,Chloé,Moreau,78265001735323,Lille,70923.39,DIRECTOR,21277.017
3092,Lucas,Girard,75029302110186,Bordeaux,46337.97,DIRECTOR,13901.391
3093,Nicolas,Laurent,72644708830169,Lyon,77828.73,EXECUTOR,23348.619
3095,Jean,Dupont,70460765628125,Lille,78999.68,EXECUTOR,23699.904
3096,Jean,Dupont,78242877068471,Paris,73550.67,DIRECTOR,22065.200999999997
3106,Lucas,Martin,73108296633540,Paris,45184.57,DIRECTOR,13555.371
3121,Nicolas,Dupont,73653475202332,Paris,21171.56,LEAD,6351.468
3123,Jean,Lefebvre,72941187097527,Lille,62215.55,DIRECTOR,18664.665
3124,Thomas,Lefebvre,73652025200863,Paris,89694.59,EXECUTOR,26908.376999999997
3135,Camille,Lefebvre,74408990184960,Marseille,64821.13,DIRECTOR,19446.339
3140,Lucas,Lefebvre,79250321333629,Lille,55679.84,DIRECTOR,16703.951999999997
3141,Jean,Laurent,79224141755998,Lyon,24592.48,LEAD,7377.744
3150,Lucas,Martin,79092747132008,Nantes,58398.33,DIRECTOR,17519.499
3152,Nicolas,Moreau,77122355786178,Paris,83302.65,EXECUTOR,24990.795
3163,Nicolas,Girard,79435354488376,Marseille,39293.24,LEAD,11787.972
3172,Lucas,Moreau,72777357211344,Lyon,83767.39,EXECUTOR,25130.217
3178,Camille,Martin,75263038814469,Lyon,27708.05,LEAD,8312.414999999999
3210,Jean,Laurent,72704522618736,Bordeaux,37198.37,LEAD,11159.511
3213,Chloé,Moreau,74590744990781,Bordeaux,54874.65,DIRECTOR,16462.395
3217,Camille,Lefebvre,77211824816552,Marseille,41246.89,LEAD,12374.067
3243,Marie,Dupont,73463747797763,Lyon,50813.35,DIRECTOR,15244.005
3246,Chloé,Moreau,75795310795684,Marseille,23751.07,LEAD,7125.321
3249,Chloé,Lefebvre,76479452391452,Nantes,48329.84,DIRECTOR,14498.952
3250,Marie,Martin,78933338102535,Nantes,58010.91,DIRECTOR,17403.273
3253,Jean,Moreau,77345818615297,Paris,75927.81,EXECUTOR,22778.342999999997
3255,Marie,Lefebvre,78380840568372,Bordeaux,43330.2,LEAD,12999.06
3271,Lucas,Moreau,74621126581241,Lille,30486.26,LEAD,9145.877999999999
3295,Camille,Laurent,77699589756460,Lyon,67269.23,DIRECTOR,20180.768999999997
3313,Nicolas,Girard,72910461444540,Bordeaux,81104.38,EXECUTOR,24331.314000000002
3314,Lucas,Moreau,75619095115252,Lille,40243.2,LEAD,12072.96
3319,Thomas,Moreau,79494540693285,Lille,87508.6,EXECUTOR,26252.58
3327,Lucas,Martin,71133671385490,Paris,77076.67,EXECUTOR,23123.001
3328,Chloé,Lefebvre,73242652420741,Nantes,47561.52,DIRECTOR,14268.455999999998
3339,Camille,Dupont,74362015968110,Lyon,45399.44,DIRECTOR,13619.832
3350,Lucas,Moreau,75195563469396,Lyon,57422.68,DIRECTOR,17226.804
3368,Camille,Girard,76416433803407,Lille,35769.76,LEAD,10730.928
3377,Nicolas,Dupont,75025107113605,Bordeaux,15988.82,EMPLOYEE,4796.646
3378,Nicolas,Dupont,70129902301305,Bordeaux,30291.2,LEAD,9087.36
3393,Camille,Moreau,74266382055099,Lille,30348.46,LEAD,9104.537999999999
3395,Thomas,Dupont,73750275982542,Bordeaux,71308.17,DIRECTOR,21392.450999999997
3417,Camille,Martin,79781519958863,Marseille,36474.1,LEAD,10942.23
3431,Chloé,Girard,77980516861199,Nantes,43575.56,LEAD,13072.668
3460,Lucas,Girard,71627609275974,Nantes,36251.75,LEAD,10875.525
3462,Camille,Laurent,74759498724908,Lyon,87776.18,EXECUTOR,26332.853999999996
3467,Nicolas,Moreau,79693405900513,Bordeaux,31579.87,LEAD,9473.961
3474,Camille,Lefebvre,74612867032799,Bordeaux,37040.35,LEAD,11112.105
3476,Marie,Martin,77637686898045,Paris,16781.31,EMPLOYEE,5034.393
3481,Marie,Lefebvre,70821133344572,Nantes,81620.07,EXECUTOR,24486.021
3490,Nicolas,Moreau,74079750395970,Lyon,81353.73,EXECUTOR,24406.119
3517,Thomas,Martin,76571439090863,Nantes,21768.75,LEAD,6530.625
3519,Jean,Dupont,75906297590394,Marseille,42219.0,LEAD,12665.699999999999
3521,Nicolas,Lefebvre,78944613793723,Nantes,67145.14,DIRECTOR,20143.541999999998
3527,Chloé,Moreau,70895294304710,Paris,28822.36,LEAD,8646.708
3529,Thomas,Girard,74505092614539,Lille,25496.06,LEAD,7648.818
3533,Nicolas,Lefebvre,76597168626401,Lyon,67779.55,DIRECTOR,20333.865
3534,Chloé,Moreau,76143843103808,Lyon,84733.31,EXECUTOR,25419.993
3549,Thomas,Martin,74934560560074,Marseille,20465.08,LEAD,6139.524
3572,Thomas,Lefebvre,70979456437166,Lille,66759.05,DIRECTOR,20027.715
3580,Thomas,Martin,71920293614155,Lille,89489.28,EXECUTOR,26846.784
3602,Lucas,Laurent,74087991732631,Marseille,87591.97,EXECUTOR,26277.591
3603,Chloé,Moreau,73718410956368,Marseille,21978.13,LEAD,6593.439
3605,Nicolas,Lefebvre,76346063930712,Bordeaux,26712.19,LEAD,8013.656999999999
3615,Nicolas,Martin,78152019480322,Nantes,34709.46,LEAD,10412.838
3618,Marie,Girard,78014819215614,Marseille,38007.9,LEAD,11402.37
3626,Thomas,Lefebvre,79339102146297,Marseille,88675.65,EXECUTOR,26602.694999999996
3643,Jean,Girard,70776830219579,Lille,35853.07,LEAD,10755.921
3652,Thomas,Laurent,72714962704668,Paris,40864.37,LEAD,12259.311
3656,Thomas,Lefebvre,76556936881295,Lyon,88275.48,EXECUTOR,26482.643999999997
3658,Camille,Girard,76305780431464,Lille,37405.66,LEAD,11221.698
3686,Camille,Martin,73406102776223,Lille,59112.92,DIRECTOR,17733.876
3710,Thomas,Moreau,70401991783373,Marseille,42064.71,LEAD,12619.412999999999
3711,Thomas,Moreau,74651281761767,Lyon,88267.75,EXECUTOR,26480.325
3713,Thomas,Girard,78058035792829,Paris,37807.85,LEAD,11342.355
3736,Chloé,Dupont,75607725473394,Bordeaux,39585.18,LEAD,11875.554
3737,Lucas,Girard,76236568596484,Paris,34635.02,LEAD,10390.506
3748,Jean,Dupont,73825829490548,Bordeaux,55564.55,DIRECTOR,16669.365
3758,Thomas,Moreau,71384528825610,Nantes,33180.36,LEAD,9954.108
3767,Jean,Martin,77647221153943,Nantes,83703.77,EXECUTOR,25111.131
3778,Lucas,Dupont,74780561028378,Nantes,21092.29,LEAD,6327.687
3779,Chloé,Dupont,76311822979084,Paris,17291.68,EMPLOYEE,5187.504
3786,Chloé,Dupont,70528879218602,Bordeaux,34083.58,LEAD,10225.074
3788,Camille,Girard,74719838783508,Marseille,26110.0,LEAD,7833.0
3791,Thomas,Laurent,77759343805759,Nantes,61964.68,DIRECTOR,18589.404
3795,Lucas,Girard,71065407099439,Paris,64075.64,DIRECTOR,19222.692
3810,Lucas,Lefebvre,76539196832550,Lille,46136.49,DIRECTOR,13840.946999999998
3814,Thomas,Dupont,78558888838414,Lyon,56810.2,DIRECTOR,17043.059999999998
3830,Jean,Dupont,73073803046529,Lille,54247.38,DIRECTOR,16274.213999999998
3837,Chloé,Martin,79844388145677,Marseille,60562.67,DIRECTOR,18168.801
3839,Chloé,Lefebvre,75617680431149,Nantes,61989.64,DIRECTOR,18596.892
3843,Marie,Martin,70047684684947,Paris,35166.7,LEAD,10550.009999999998
3852,Nicolas,Martin,75608408117147,Nantes,42188.75,LEAD,12656.625
3867,Marie,Martin,72791221776313,Lyon,53928.33,DIRECTOR,16178.499
3871,Nicolas,Martin,74234792457503,Nantes,65083.27,DIRECTOR,19524.981
3884,Lucas,Lefebvre,76496679499659,Lille,15662.27,EMPLOYEE,4698.681
3889,Chloé,Moreau,78527851068015,Lyon,17540.37,EMPLOYEE,5262.111
3890,Chloé,Dupont,72987429513321,Lille,48308.97,DIRECTOR,14492.691
3891,Lucas,Lefebvre,70408210344634,Bordeaux,66552.04,DIRECTOR,19965.611999999997
3895,Chloé,Moreau,72729321553908,Marseille,79122.55,EXECUTOR,23736.765
3904,Chloé,Laurent,74006186851946,Paris,77092.81,EXECUTOR,23127.842999999997
3907,Camille,Moreau,71363625935358,Bordeaux,64300.83,DIRECTOR,19290.249
3917,Jean,Lefebvre,74715801761440,Marseille,19601.96,EMPLOYEE,5880.588
3920,Jean,Dupont,74899742638117,Marseille,20643.0,LEAD,6192.9
3927,Jean,Laurent,79548206283999,Nantes,46241.9,DIRECTOR,13872.57
3929,Chloé,Lefebvre,72931809214895,Bordeaux,78614.34,EXECUTOR,23584.302
3936,Lucas,Moreau,77968584317948,Lille,87149.65,EXECUTOR,26144.894999999997
3938,Nicolas,Martin,75044588697900,Marseille,48061.32,DIRECTOR,14418.395999999999
3947,Marie,Laurent,71232669006251,Nantes,80775.32,EXECUTOR,24232.596
3950,Chloé,Girard,73709415788694,Marseille,37434.5,LEAD,11230.35
3956,Nicolas,Lefebvre,78599700449337,Lille,45607.65,DIRECTOR,13682.295
3958,Marie,Lefebvre,75569023103976,Lyon,44445.26,LEAD,13333.578
3969,Marie,Moreau,77699106782644,Bordeaux,24718.04,LEAD,7415.412
3971,Marie,Girard,73914159145876,Paris,70141.37,DIRECTOR,21042.410999999996
3979,Chloé,Martin,74881839207978,Marseille,53954.73,DIRECTOR,16186.419
3987,Nicolas,Dupont,75356805967272,Lyon,70162.31,DIRECTOR,21048.693
4013,Nicolas,Girard,70822296874363,Lille,36592.53,LEAD,10977.759
4023,Lucas,Girard,78294838231548,Lille,73415.59,DIRECTOR,22024.677
4041,Nicolas,Dupont,78817548765348,Bordeaux,30487.09,LEAD,9146.127
4045,Thomas,Laurent,76352964536384,Lyon,50481.12,DIRECTOR,15144.336
4050,Jean,Martin,76004712428566,Lille,24976.89,LEAD,7493.066999999999
4058,Nicolas,Dupont,70941296349681,Paris,65648.3,DIRECTOR,19694.49
4067,Lucas,Laurent,71012056729356,Paris,58361.92,DIRECTOR,17508.575999999997
4071,Jean,Martin,72838794258625,Lille,76604.48,EXECUTOR,22981.343999999997
4074,Chloé,Girard,74900486497845,Lille,61845.75,DIRECTOR,18553.725
4084,Chloé,Martin,74790631643288,Lille,28421.52,LEAD,8526.456
4090,Nicolas,Moreau,73425202722814,Lyon,23234.79,LEAD,6970.437
4101,Nicolas,Laurent,72985481866304,Paris,87476.67,EXECUTOR,26243.001
4120,Chloé,Dupont,74532310436275,Lyon,49092.37,DIRECTOR,14727.711000000001
4127,Jean,Moreau,70839735830977,Paris,53637.13,DIRECTOR,16091.139
4138,Marie,Moreau,72727426503175,Nantes,38863.06,LEAD,11658.918
4157,Chloé,Girard,78223699343641,Bordeaux,63561.62,DIRECTOR,19068.486
4168,Jean,Laurent,72987309089889,Bordeaux,29296.06,LEAD,8788.818
4170,Jean,Martin,77196292411863,Lille,43923.41,LEAD,13177.023000000001
4172,Jean,Dupont,74409132705889,Paris,72639.54,DIRECTOR,21791.861999999997
4175,Jean,Girard,77357458348769,Paris,49827.46,DIRECTOR,14948.238
4180,Thomas,Martin,75381254174086,Lyon,84211.79,EXECUTOR,25263.536999999997
4181,Chloé,Laurent,71716961584251,Lille,32670.3,LEAD,9801.09
4200,Thomas,Lefebvre,79575916183965,Lille,76984.22,EXECUTOR,23095.266
4212,Marie,Moreau,70656939672556,Paris,65210.65,DIRECTOR,19563.195
4230,Lucas,Laurent,73190371266959,Paris,73129.5,DIRECTOR,21938.85
4232,Thomas,Laurent,74846000262314,Lyon,26028.14,LEAD,7808.441999999999
4248,Chloé,Lefebvre,73938555521822,Marseille,57763.14,DIRECTOR,17328.942
4250,Thomas,Dupont,78503828821497,Lyon,59729.51,DIRECTOR,17918.853
4255,Nicolas,Lefebvre,70044139825905,Marseille,18477.56,EMPLOYEE,5543.268
4259,Nicolas,Dupont,72177426900099,Nantes,33976.76,LEAD,10193.028
4265,Jean,Girard,77011069895537,Bordeaux,33398.61,LEAD,10019.583
4269,Marie,Laurent,71536570151346,Lille,67105.77,DIRECTOR,20131.731
4270,Chloé,Martin,73780322578924,Bordeaux,47599.5,DIRECTOR,14279.85
4280,Jean,Lefebvre,71268791324274,Marseille,59955.51,DIRECTOR,17986.653
4283,Nicolas,Martin,77302272565816,Marseille,29132.85,LEAD,8739.855
4286,Nicolas,Moreau,71089351134210,Lyon,46101.75,DIRECTOR,13830.525
4301,Chloé,Dupont,71335180110839,Paris,62205.48,DIRECTOR,18661.644
4309,Lucas,Martin,77412036327665,Nantes,46914.31,DIRECTOR,14074.293
4317,Marie,Lefebvre,71024407312417,Lyon,79788.89,EXECUTOR,23936.666999999998
4338,Lucas,Dupont,75995430079153,Nantes,58830.84,DIRECTOR,17649.251999999997
4342,Lucas,Girard,71779495800712,Lille,37415.86,LEAD,11224.758
4343,Jean,Moreau,79288071219794,Marseille,53160.32,DIRECTOR,15948.096
4354,Chloé,Martin,78550244598123,Nantes,69039.74,DIRECTOR,20711.922000000002
4357,Thomas,Lefebvre,71758009465610,Bordeaux,65105.77,DIRECTOR,19531.731
4358,Thomas,Girard,71372758423508,Paris,28012.9,LEAD,8403.87
4360,Jean,Girard,71610418522327,Nantes,73428.54,DIRECTOR,22028.561999999998
4368,Chloé,Lefebvre,72048249304249,Nantes,42528.01,LEAD,12758.403
4372,Thomas,Girard,79534833903570,Nantes,40949.64,LEAD,12284.892
4375,Camille,Girard,73350536565857,Lyon,48982.4,DIRECTOR,14694.72
4384,Chloé,Moreau,72616267940259,Lille,44716.08,LEAD,13414.824
4386,Camille,Dupont,72040355197678,Paris,35040.39,LEAD,10512.117
4399,Chloé,Dupont,76468802417502,Marseille,82374.49,EXECUTOR,24712.347
4423,Nicolas,Laurent,71006958515317,Lyon,51427.34,DIRECTOR,15428.201999999997
4435,Lucas,Dupont,70742190115453,Marseille,76825.76,EXECUTOR,23047.728
4453,Jean,Lefebvre,74022578180752,Lyon,56667.46,DIRECTOR,17000.237999999998
4466,Chloé,Moreau,79546238668500,Marseille,35694.73,LEAD,10708.419
4482,Jean,Lefebvre,77967520632211,Marseille,63361.57,DIRECTOR,19008.470999999998
4483,Lucas,Lefebvre,70483183884423,Marseille,55789.66,DIRECTOR,16736.898
4485,Camille,Dupont,79535003584550,Bordeaux,62502.26,DIRECTOR,18750.678
4486,Marie,Dupont,77858532074495,Lyon,44700.78,LEAD,13410.233999999999
4503,Lucas,Dupont,72445628362054,Bordeaux,82097.21,EXECUTOR,24629.163
4505,Thomas,Moreau,71874882115347,Lyon,47238.41,DIRECTOR,14171.523000000001
4516,Lucas,Laurent,77279924541754,Paris,36718.25,LEAD,11015.475
4521,Marie,Martin,71190104336652,Marseille,78781.96,EXECUTOR,23634.588
4523,Chloé,Moreau,71766276194224,Paris,64564.34,DIRECTOR,19369.302
4534,Jean,Martin,78046330471719,Marseille,69821.13,DIRECTOR,20946.339
4550,Lucas,Girard,77356961401286,Paris,23953.67,LEAD,7186.101
4552,Camille,Girard,77880151452254,Lyon,76509.76,EXECUTOR,22952.927999999996
4556,Chloé,Laurent,78634847613410,Marseille,83165.09,EXECUTOR,24949.527
4561,Marie,Moreau,72358354939534,Marseille,71022.32,DIRECTOR,21306.696
4573,Jean,Laurent,70404699260722,Bordeaux,61447.17,DIRECTOR,18434.150999999998
4579,Thomas,Lefebvre,79070162409285,Marseille,57655.79,DIRECTOR,17296.737
4589,Camille,Martin,73729274542521,Nantes,73152.89,DIRECTOR,21945.867
4603,Nicolas,Girard,70965593914640,Bordeaux,64051.26,DIRECTOR,19215.378
4606,Marie,Martin,75274645386486,Lille,77543.67,EXECUTOR,23263.101
4610,Marie,Dupont,74174289382756,Bordeaux,44081.99,LEAD,13224.597
4615,Chloé,Moreau,74184973255978,Lyon,17839.62,EMPLOYEE,5351.8859999999995
4622,Thomas,Lefebvre,74899656714318,Marseille,85807.72,EXECUTOR,25742.316
4631,Nicolas,Laurent,78989176594481,Lyon,82195.88,EXECUTOR,24658.764
4633,Camille,Laurent,78044185201991,Nantes,20172.91,LEAD,6051.873
4639,Marie,Laurent,73651257677441,Lyon,84762.92,EXECUTOR,25428.876
4647,Marie,Moreau,75923483993228,Nantes,39722.88,LEAD,11916.864
4657,Jean,Girard,74264567570135,Nantes,36454.8,LEAD,10936.44
4659,Thomas,Laurent,70657941892467,Nantes,82037.8,EXECUTOR,24611.34
4682,Chloé,Martin,71696453259062,Nantes,27681.79,LEAD,8304.537
4704,Nicolas,Dupont,75426137393034,Nantes,16362.58,EMPLOYEE,4908.773999999999
4716,Nicolas,Martin,79024768286948,Paris,22595.03,LEAD,6778.508999999999
4717,Nicolas,Dupont,71898712986058,Lille,52845.32,DIRECTOR,15853.596
4728,Nicolas,Dupont,76359437721375,Marseille,34260.79,LEAD,10278.237
4757,Camille,Laurent,74768498210006,Lyon,25507.91,LEAD,7652.373
4759,Marie,Martin,77291987327180,Nantes,76875.56,EXECUTOR,23062.667999999998
4765,Thomas,Lefebvre,72493447536495,Paris,18826.71,EMPLOYEE,5648.013
4788,Jean,Lefebvre,77644451252878,Lyon,30954.65,LEAD,9286.395
4798,Thomas,Dupont,76588824915480,Lyon,78335.36,EXECUTOR,23500.608
4803,Thomas,Dupont,78416019810528,Marseille,84225.28,EXECUTOR,25267.584
4806,Camille,Lefebvre,75724770181390,Nantes,52903.32,DIRECTOR,15870.996
4814,Jean,Laurent,74984915332733,Lille,88268.99,EXECUTOR,26480.697
4816,Jean,Lefebvre,70141289460195,Lille,25369.83,LEAD,7610.9490000000005
4818,Chloé,Moreau,75694629780970,Paris,67410.16,DIRECTOR,20223.048
4824,Lucas,Moreau,72939941912244,Bordeaux,34867.75,LEAD,10460.324999999999
4833,Marie,Lefebvre,79383660929223,Paris,35767.15,LEAD,10730.145
4845,Nicolas,Lefebvre,75738518426623,Marseille,51210.33,DIRECTOR,15363.099
4852,Marie,Dupont,73740232601406,Bordeaux,44590.24,LEAD,13377.071999999998
4853,Camille,Moreau,71648054048923,Paris,84586.05,EXECUTOR,25375.815
4874,Lucas,Dupont,71679174874978,Lille,50374.23,DIRECTOR,15112.269
4889,Jean,Martin,70108968750586,Paris,29424.85,LEAD,8827.455
4897,Thomas,Laurent,71019741881815,Lyon,67380.86,DIRECTOR,20214.257999999998
4917,Lucas,Laurent,72705927028640,Lille,55770.49,DIRECTOR,16731.146999999997
4921,Nicolas,Moreau,76403460074170,Nantes,85401.41,EXECUTOR,25620.423
4935,Marie,Lefebvre,77973571122585,Lille,77303.85,EXECUTOR,23191.155000000002
4944,Camille,Lefebvre,75438644832267,Marseille,89121.69,EXECUTOR,26736.507
4945,Chloé,Girard,73927783067615,Nantes,73839.74,DIRECTOR,22151.922000000002
4948,Chloé,Girard,71300041162218,Lyon,84528.4,EXECUTOR,25358.519999999997
4956,Lucas,Moreau,71111843636934,Lyon,45929.9,DIRECTOR,13778.97
4962,Jean,Laurent,71955373922216,Nantes,68685.63,DIRECTOR,20605.689000000002
4964,Jean,Moreau,76872322103472,Paris,29607.81,LEAD,8882.343
4966,Chloé,Martin,70381485647896,Marseille,27181.29,LEAD,8154.387
4981,Marie,Moreau,72888103175241,Lyon,67260.73,DIRECTOR,20178.218999999997
4991,Nicolas,Laurent,71955370193800,Nantes,77656.73,EXECUTOR,23297.018999999997
